,날짜,온도
4383,20150101,-3.71
4384,20150102,-2.28
4385,20150103,-2.15
4386,20150104,3.33
4387,20150105,4.56
4388,20150106,3.38
4389,20150107,-1.42
4390,20150108,-0.22
4391,20150109,1.95
4392,20150110,3.17
4393,20150111,1.35
4394,20150112,0.07
4395,20150113,2.88
4396,20150114,4.97
4397,20150115,3.62
4398,20150116,1.59
4399,20150117,0.55
4400,20150118,-0.22
4401,20150119,3.69
4402,20150120,2.3
4403,20150121,4.12
4404,20150122,3.93
4405,20150123,2.57
4406,20150124,3.55
4407,20150125,6.16
4408,20150126,7.19
4409,20150127,1.08
4410,20150128,-1.56
4411,20150129,-0.1
4412,20150130,0.23
4413,20150131,-1.53
4414,20150201,-1.07
4415,20150202,1.45
4416,20150203,1.46
4417,20150204,1.56
4418,20150205,1.32
4419,20150206,2.51
4420,20150207,2.21
4421,20150208,-3.43
4422,20150209,-3.62
4423,20150210,3.46
4424,20150211,5.39
4425,20150212,1.99
4426,20150213,0.0
4427,20150214,2.92
4428,20150215,6.88
4429,20150216,7.29
4430,20150217,4.59
4431,20150218,2.57
4432,20150219,4.3
4433,20150220,5.26
4434,20150221,8.55
4435,20150222,6.52
4436,20150223,3.61
4437,20150224,4.31
4438,20150225,5.32
4439,20150226,4.87
4440,20150227,0.72
4441,20150228,2.48
4442,20150301,3.16
4443,20150302,4.34
4444,20150303,4.45
4445,20150304,0.8
4446,20150305,1.6
4447,20150306,4.96
4448,20150307,5.9
4449,20150308,8.06
4450,20150309,5.42
4451,20150310,-1.21
4452,20150311,3.75
4453,20150312,4.92
4454,20150313,5.78
4455,20150314,5.54
4456,20150315,7.56
4457,20150316,12.16
4458,20150317,14.23
4459,20150318,12.49
4460,20150319,13.49
4461,20150320,13.25
4462,20150321,13.71
4463,20150322,10.4
4464,20150323,5.6
4465,20150324,5.72
4466,20150325,6.35
4467,20150326,8.43
4468,20150327,9.77
4469,20150328,11.25
4470,20150329,13.03
4471,20150330,14.94
4472,20150331,15.0
4473,20150401,16.24
4474,20150402,15.38
4475,20150403,12.78
4476,20150404,12.64
4477,20150405,12.41
4478,20150406,11.52
4479,20150407,8.06
4480,20150408,9.16
4481,20150409,10.92
4482,20150410,11.68
4483,20150411,13.76
4484,20150412,14.5
4485,20150413,11.94
4486,20150414,8.1
4487,20150415,12.05
4488,20150416,12.12
4489,20150417,11.92
4490,20150418,14.67
4491,20150419,16.78
4492,20150420,13.93
4493,20150421,14.19
4494,20150422,14.02
4495,20150423,14.38
4496,20150424,15.78
4497,20150425,17.01
4498,20150426,18.17
4499,20150427,19.03
4500,20150428,17.31
4501,20150429,17.45
4502,20150430,19.56
4503,20150501,20.0
4504,20150502,20.26
4505,20150503,18.49
4506,20150504,15.68
4507,20150505,14.09
4508,20150506,15.35
4509,20150507,17.36
4510,20150508,17.85
4511,20150509,18.15
4512,20150510,18.92
4513,20150511,17.45
4514,20150512,15.85
4515,20150513,19.83
4516,20150514,21.93
4517,20150515,21.1
4518,20150516,19.75
4519,20150517,18.89
4520,20150518,16.24
4521,20150519,18.55
4522,20150520,17.65
4523,20150521,18.35
4524,20150522,21.13
4525,20150523,20.95
4526,20150524,21.14
4527,20150525,20.7
4528,20150526,22.42
4529,20150527,23.35
4530,20150528,24.52
4531,20150529,23.55
4532,20150530,19.89
4533,20150531,21.55
4534,20150601,23.1
4535,20150602,21.63
4536,20150603,22.43
4537,20150604,22.72
4538,20150605,18.89
4539,20150606,20.78
4540,20150607,21.67
4541,20150608,20.02
4542,20150609,22.23
4543,20150610,24.33
4544,20150611,23.02
4545,20150612,25.57
4546,20150613,24.47
4547,20150614,21.55
4548,20150615,23.6
4549,20150616,23.43
4550,20150617,21.18
4551,20150618,23.88
4552,20150619,23.78
4553,20150620,20.49
4554,20150621,21.93
4555,20150622,22.49
4556,20150623,24.15
4557,20150624,23.54
4558,20150625,22.4
4559,20150626,21.81
4560,20150627,21.57
4561,20150628,23.95
4562,20150629,24.09
4563,20150630,20.46
4564,20150701,22.59
4565,20150702,22.66
4566,20150703,24.05
4567,20150704,22.64
4568,20150705,23.0
4569,20150706,23.05
4570,20150707,20.5
4571,20150708,22.0
4572,20150709,25.16
4573,20150710,27.77
4574,20150711,26.35
4575,20150712,25.12
4576,20150713,23.12
4577,20150714,25.58
4578,20150715,25.61
4579,20150716,25.6
4580,20150717,25.31
4581,20150718,24.36
4582,20150719,26.77
4583,20150720,26.85
4584,20150721,25.99
4585,20150722,27.37
4586,20150723,25.97
4587,20150724,25.48
4588,20150725,27.2
4589,20150726,28.08
4590,20150727,26.42
4591,20150728,26.35
4592,20150729,28.68
4593,20150730,29.22
4594,20150731,28.89
4595,20150801,28.5
4596,20150802,28.44
4597,20150803,28.38
4598,20150804,28.59
4599,20150805,29.04
4600,20150806,29.72
4601,20150807,30.04
4602,20150808,28.18
4603,20150809,27.81
4604,20150810,27.34
4605,20150811,23.6
4606,20150812,23.61
4607,20150813,25.77
4608,20150814,26.09
4609,20150815,27.1
4610,20150816,26.43
4611,20150817,26.28
4612,20150818,25.91
4613,20150819,26.08
4614,20150820,23.92
4615,20150821,24.44
4616,20150822,24.9
4617,20150823,25.36
4618,20150824,24.76
4619,20150825,22.59
4620,20150826,23.42
4621,20150827,23.41
4622,20150828,24.47
4623,20150829,23.77
4624,20150830,24.38
4625,20150831,25.14
4626,20150901,25.15
4627,20150902,23.7
4628,20150903,23.35
4629,20150904,24.14
4630,20150905,22.79
4631,20150906,22.16
4632,20150907,22.48
4633,20150908,21.88
4634,20150909,21.98
4635,20150910,22.33
4636,20150911,22.29
4637,20150912,20.17
4638,20150913,19.72
4639,20150914,20.74
4640,20150915,21.15
4641,20150916,19.96
4642,20150917,22.17
4643,20150918,22.08
4644,20150919,22.02
4645,20150920,21.43
4646,20150921,22.52
4647,20150922,22.73
4648,20150923,18.81
4649,20150924,21.42
4650,20150925,22.15
4651,20150926,21.54
4652,20150927,22.09
4653,20150928,22.62
4654,20150929,23.85
4655,20150930,19.75
4656,20151001,18.96
4657,20151002,16.99
4658,20151003,18.44
4659,20151004,19.32
4660,20151005,19.92
4661,20151006,19.5
4662,20151007,19.16
4663,20151008,18.9
4664,20151009,17.78
4665,20151010,15.61
4666,20151011,14.12
4667,20151012,14.92
4668,20151013,16.08
4669,20151014,16.92
4670,20151015,17.97
4671,20151016,17.3
4672,20151017,18.04
4673,20151018,18.16
4674,20151019,18.65
4675,20151020,19.2
4676,20151021,19.16
4677,20151022,19.05
4678,20151023,18.86
4679,20151024,16.2
4680,20151025,16.8
4681,20151026,16.56
4682,20151027,15.5
4683,20151028,13.67
4684,20151029,13.02
4685,20151030,10.48
4686,20151031,9.14
4687,20151101,8.04
4688,20151102,10.23
4689,20151103,12.23
4690,20151104,13.07
4691,20151105,15.5
4692,20151106,15.98
4693,20151107,15.35
4694,20151108,16.68
4695,20151109,13.91
4696,20151110,11.7
4697,20151111,12.45
4698,20151112,15.12
4699,20151113,12.46
4700,20151114,14.45
4701,20151115,14.32
4702,20151116,13.94
4703,20151117,16.0
4704,20151118,13.45
4705,20151119,11.63
4706,20151120,12.9
4707,20151121,11.03
4708,20151122,12.2
4709,20151123,12.92
4710,20151124,10.13
4711,20151125,7.39
4712,20151126,1.47
4713,20151127,2.31
4714,20151128,5.02
4715,20151129,7.53
4716,20151130,8.25
4717,20151201,7.31
4718,20151202,8.4
4719,20151203,5.07
4720,20151204,4.05
4721,20151205,5.59
4722,20151206,5.38
4723,20151207,3.6
4724,20151208,5.13
4725,20151209,8.23
4726,20151210,10.74
4727,20151211,8.85
4728,20151212,8.75
4729,20151213,10.68
4730,20151214,10.51
4731,20151215,8.48
4732,20151216,3.53
4733,20151217,-1.07
4734,20151218,0.37
4735,20151219,3.24
4736,20151220,4.19
4737,20151221,6.48
4738,20151222,7.0
4739,20151223,8.45
4740,20151224,5.64
4741,20151225,3.35
4742,20151226,4.58
4743,20151227,1.44
4744,20151228,-0.24
4745,20151229,1.51
4746,20151230,2.72
4747,20151231,4.19
4748,20160101,2.94
4749,20160102,6.43
4750,20160103,7.4
4751,20160104,6.76
4752,20160105,2.52
4753,20160106,2.91
4754,20160107,2.91
4755,20160108,1.11
4756,20160109,2.54
4757,20160110,3.82
4758,20160111,1.76
4759,20160112,-0.4
4760,20160113,0.8
4761,20160114,1.55
4762,20160115,2.41
4763,20160116,4.36
4764,20160117,3.95
4765,20160118,-0.35
4766,20160119,-4.45
4767,20160120,-4.29
4768,20160121,-3.05
4769,20160122,-3.08
4770,20160123,-5.35
4771,20160124,-9.43
4772,20160125,-5.9
4773,20160126,-0.61
4774,20160127,1.98
4775,20160128,2.43
4776,20160129,3.84
4777,20160130,3.95
4778,20160131,0.02
4779,20160201,-1.92
4780,20160202,-2.08
4781,20160203,-0.41
4782,20160204,0.56
4783,20160205,1.22
4784,20160206,-0.23
4785,20160207,-0.46
4786,20160208,2.39
4787,20160209,4.28
4788,20160210,4.77
4789,20160211,10.3
4790,20160212,13.53
4791,20160213,14.85
4792,20160214,1.43
4793,20160215,-2.18
4794,20160216,1.01
4795,20160217,2.85
4796,20160218,4.37
4797,20160219,7.02
4798,20160220,5.07
4799,20160221,2.39
4800,20160222,3.21
4801,20160223,4.42
4802,20160224,-0.54
4803,20160225,1.33
4804,20160226,3.2
4805,20160227,8.82
4806,20160228,7.25
4807,20160229,-0.93
4808,20160301,-0.27
4809,20160302,4.0
4810,20160303,9.4
4811,20160304,11.74
4812,20160305,14.99
4813,20160306,12.45
4814,20160307,11.68
4815,20160308,7.6
4816,20160309,3.1
4817,20160310,1.49
4818,20160311,1.26
4819,20160312,3.57
4820,20160313,5.32
4821,20160314,5.06
4822,20160315,6.78
4823,20160316,9.62
4824,20160317,11.72
4825,20160318,12.23
4826,20160319,11.96
4827,20160320,9.14
4828,20160321,9.8
4829,20160322,9.62
4830,20160323,8.62
4831,20160324,7.2
4832,20160325,6.74
4833,20160326,5.4
4834,20160327,7.01
4835,20160328,9.53
4836,20160329,11.78
4837,20160330,15.21
4838,20160331,15.18
4839,20160401,15.52
4840,20160402,16.49
4841,20160403,14.31
4842,20160404,13.62
4843,20160405,12.98
4844,20160406,12.52
4845,20160407,12.86
4846,20160408,15.19
4847,20160409,16.91
4848,20160410,16.84
4849,20160411,14.74
4850,20160412,14.69
4851,20160413,16.85
4852,20160414,17.13
4853,20160415,16.06
4854,20160416,15.53
4855,20160417,12.85
4856,20160418,13.41
4857,20160419,14.23
4858,20160420,15.67
4859,20160421,15.13
4860,20160422,17.65
4861,20160423,17.1
4862,20160424,17.28
4863,20160425,18.35
4864,20160426,18.6
4865,20160427,13.39
4866,20160428,14.68
4867,20160429,15.32
4868,20160430,16.86
4869,20160501,19.03
4870,20160502,18.97
4871,20160503,16.07
4872,20160504,16.54
4873,20160505,17.92
4874,20160506,20.45
4875,20160507,17.29
4876,20160508,18.61
4877,20160509,17.41
4878,20160510,14.71
4879,20160511,17.18
4880,20160512,18.9
4881,20160513,18.1
4882,20160514,20.01
4883,20160515,19.7
4884,20160516,15.61
4885,20160517,18.83
4886,20160518,22.3
4887,20160519,22.34
4888,20160520,22.76
4889,20160521,23.56
4890,20160522,23.58
4891,20160523,23.02
4892,20160524,19.13
4893,20160525,20.16
4894,20160526,21.85
4895,20160527,23.3
4896,20160528,21.55
4897,20160529,20.85
4898,20160530,22.25
4899,20160531,22.01
4900,20160601,22.67
4901,20160602,22.17
4902,20160603,22.46
4903,20160604,18.8
4904,20160605,20.55
4905,20160606,20.24
4906,20160607,21.31
4907,20160608,22.35
4908,20160609,23.5
4909,20160610,23.75
4910,20160611,24.01
4911,20160612,24.28
4912,20160613,24.18
4913,20160614,23.52
4914,20160615,22.3
4915,20160616,21.9
4916,20160617,23.38
4917,20160618,24.08
4918,20160619,25.65
4919,20160620,22.85
4920,20160621,25.34
4921,20160622,23.02
4922,20160623,24.99
4923,20160624,22.54
4924,20160625,23.21
4925,20160626,24.02
4926,20160627,22.23
4927,20160628,22.83
4928,20160629,23.02
4929,20160630,24.6
4930,20160701,24.63
4931,20160702,23.34
4932,20160703,21.86
4933,20160704,25.4
4934,20160705,27.08
4935,20160706,26.48
4936,20160707,26.68
4937,20160708,26.34
4938,20160709,27.9
4939,20160710,27.16
4940,20160711,26.44
4941,20160712,24.39
4942,20160713,26.5
4943,20160714,25.9
4944,20160715,25.85
4945,20160716,23.69
4946,20160717,24.55
4947,20160718,25.04
4948,20160719,26.72
4949,20160720,27.38
4950,20160721,27.39
4951,20160722,27.27
4952,20160723,27.73
4953,20160724,29.19
4954,20160725,29.41
4955,20160726,29.62
4956,20160727,28.95
4957,20160728,29.65
4958,20160729,30.48
4959,20160730,30.27
4960,20160731,30.26
4961,20160801,30.01
4962,20160802,28.25
4963,20160803,26.69
4964,20160804,28.36
4965,20160805,29.44
4966,20160806,29.8
4967,20160807,27.81
4968,20160808,27.82
4969,20160809,27.58
4970,20160810,29.37
4971,20160811,30.67
4972,20160812,30.57
4973,20160813,30.13
4974,20160814,29.53
4975,20160815,28.7
4976,20160816,28.74
4977,20160817,28.4
4978,20160818,28.83
4979,20160819,29.45
4980,20160820,29.73
4981,20160821,29.89
4982,20160822,29.82
4983,20160823,28.12
4984,20160824,28.88
4985,20160825,28.86
4986,20160826,24.74
4987,20160827,22.02
4988,20160828,20.63
4989,20160829,21.73
4990,20160830,22.28
4991,20160831,24.38
4992,20160901,26.51
4993,20160902,21.96
4994,20160903,25.55
4995,20160904,27.05
4996,20160905,26.19
4997,20160906,24.28
4998,20160907,23.69
4999,20160908,23.77
5000,20160909,24.3
5001,20160910,23.01
5002,20160911,22.83
5003,20160912,23.24
5004,20160913,24.55
5005,20160914,24.3
5006,20160915,24.5
5007,20160916,22.05
5008,20160917,20.62
5009,20160918,20.4
5010,20160919,21.21
5011,20160920,21.23
5012,20160921,20.33
5013,20160922,21.48
5014,20160923,21.63
5015,20160924,22.45
5016,20160925,22.94
5017,20160926,23.71
5018,20160927,25.58
5019,20160928,22.15
5020,20160929,21.25
5021,20160930,18.53
5022,20161001,20.3
5023,20161002,23.18
5024,20161003,24.28
5025,20161004,23.63
5026,20161005,21.14
5027,20161006,20.18
5028,20161007,18.28
5029,20161008,18.0
5030,20161009,14.35
5031,20161010,14.53
5032,20161011,15.76
5033,20161012,16.73
5034,20161013,15.84
5035,20161014,17.43
5036,20161015,18.34
5037,20161016,16.31
5038,20161017,18.76
5039,20161018,18.0
5040,20161019,18.45
5041,20161020,17.32
5042,20161021,17.86
5043,20161022,18.25
5044,20161023,17.16
5045,20161024,15.68
5046,20161025,16.95
5047,20161026,15.0
5048,20161027,15.58
5049,20161028,14.82
5050,20161029,11.86
5051,20161030,10.11
5052,20161031,9.7
5053,20161101,7.11
5054,20161102,7.12
5055,20161103,9.56
5056,20161104,11.08
5057,20161105,14.42
5058,20161106,14.12
5059,20161107,14.79
5060,20161108,9.94
5061,20161109,5.69
5062,20161110,8.24
5063,20161111,10.49
5064,20161112,11.93
5065,20161113,14.51
5066,20161114,15.85
5067,20161115,11.6
5068,20161116,8.87
5069,20161117,13.42
5070,20161118,11.8
5071,20161119,14.53
5072,20161120,14.48
5073,20161121,13.5
5074,20161122,8.26
5075,20161123,3.69
5076,20161124,2.71
5077,20161125,4.81
5078,20161126,3.46
5079,20161127,5.8
5080,20161128,6.14
5081,20161129,5.34
5082,20161130,5.45
5083,20161201,7.3
5084,20161202,4.54
5085,20161203,4.98
5086,20161204,6.39
5087,20161205,9.18
5088,20161206,4.45
5089,20161207,2.22
5090,20161208,4.93
5091,20161209,6.76
5092,20161210,2.57
5093,20161211,2.94
5094,20161212,6.41
5095,20161213,7.48
5096,20161214,2.97
5097,20161215,0.71
5098,20161216,0.45
5099,20161217,4.43
5100,20161218,5.83
5101,20161219,10.02
5102,20161220,10.62
5103,20161221,12.05
5104,20161222,9.54
5105,20161223,3.0
5106,20161224,2.49
5107,20161225,4.28
5108,20161226,6.2
5109,20161227,2.78
5110,20161228,-0.19
5111,20161229,-0.18
5112,20161230,0.21
5113,20161231,1.67
5114,20170101,4.48
5115,20170102,6.93
5116,20170103,5.99
5117,20170104,4.74
5118,20170105,6.5
5119,20170106,8.48
5120,20170107,6.38
5121,20170108,8.72
5122,20170109,5.6
5123,20170110,2.84
5124,20170111,0.11
5125,20170112,2.1
5126,20170113,-0.02
5127,20170114,-2.56
5128,20170115,-3.2
5129,20170116,-0.69
5130,20170117,-0.1
5131,20170118,2.31
5132,20170119,2.19
5133,20170120,-0.14
5134,20170121,-0.7
5135,20170122,-1.36
5136,20170123,-3.73
5137,20170124,-2.01
5138,20170125,-1.5
5139,20170126,0.4
5140,20170127,2.46
5141,20170128,2.75
5142,20170129,5.59
5143,20170130,0.4
5144,20170131,-1.6
5145,20170201,0.02
5146,20170202,-0.09
5147,20170203,2.7
5148,20170204,6.49
5149,20170205,5.36
5150,20170206,2.24
5151,20170207,1.68
5152,20170208,1.82
5153,20170209,-0.87
5154,20170210,-3.4
5155,20170211,-1.93
5156,20170212,1.28
5157,20170213,2.26
5158,20170214,3.99
5159,20170215,4.15
5160,20170216,7.49
5161,20170217,6.56
5162,20170218,0.77
5163,20170219,4.38
5164,20170220,4.5
5165,20170221,2.16
5166,20170222,6.11
5167,20170223,1.95
5168,20170224,1.57
5169,20170225,4.39
5170,20170226,4.55
5171,20170227,5.19
5172,20170228,6.13
5173,20170301,7.57
5174,20170302,3.34
5175,20170303,4.84
5176,20170304,7.37
5177,20170305,7.26
5178,20170306,3.65
5179,20170307,0.3
5180,20170308,2.2
5181,20170309,6.28
5182,20170310,7.68
5183,20170311,8.56
5184,20170312,9.87
5185,20170313,8.95
5186,20170314,6.18
5187,20170315,5.77
5188,20170316,6.5
5189,20170317,7.67
5190,20170318,9.61
5191,20170319,11.43
5192,20170320,8.85
5193,20170321,7.36
5194,20170322,7.28
5195,20170323,9.98
5196,20170324,9.05
5197,20170325,7.34
5198,20170326,6.92
5199,20170327,7.47
5200,20170328,8.2
5201,20170329,7.79
5202,20170330,11.59
5203,20170331,11.11
5204,20170401,9.37
5205,20170402,9.3
5206,20170403,11.46
5207,20170404,14.47
5208,20170405,14.8
5209,20170406,14.68
5210,20170407,15.14
5211,20170408,16.82
5212,20170409,15.62
5213,20170410,16.53
5214,20170411,12.62
5215,20170412,13.14
5216,20170413,13.41
5217,20170414,15.29
5218,20170415,18.53
5219,20170416,20.2
5220,20170417,16.56
5221,20170418,14.23
5222,20170419,14.0
5223,20170420,12.91
5224,20170421,14.41
5225,20170422,14.61
5226,20170423,15.33
5227,20170424,16.43
5228,20170425,18.6
5229,20170426,15.88
5230,20170427,13.93
5231,20170428,15.57
5232,20170429,18.28
5233,20170430,20.19
5234,20170501,19.66
5235,20170502,20.03
5236,20170503,20.79
5237,20170504,20.47
5238,20170505,18.9
5239,20170506,17.42
5240,20170507,17.62
5241,20170508,18.05
5242,20170509,14.51
5243,20170510,15.66
5244,20170511,20.88
5245,20170512,20.18
5246,20170513,19.35
5247,20170514,16.95
5248,20170515,16.57
5249,20170516,17.45
5250,20170517,18.92
5251,20170518,20.67
5252,20170519,21.91
5253,20170520,21.1
5254,20170521,21.19
5255,20170522,22.76
5256,20170523,22.09
5257,20170524,22.14
5258,20170525,20.42
5259,20170526,16.94
5260,20170527,18.73
5261,20170528,21.85
5262,20170529,24.21
5263,20170530,24.2
5264,20170531,22.49
5265,20170601,22.45
5266,20170602,20.25
5267,20170603,20.57
5268,20170604,21.12
5269,20170605,23.04
5270,20170606,19.62
5271,20170607,18.55
5272,20170608,20.51
5273,20170609,22.17
5274,20170610,23.18
5275,20170611,24.21
5276,20170612,21.75
5277,20170613,21.7
5278,20170614,21.68
5279,20170615,23.11
5280,20170616,25.09
5281,20170617,24.75
5282,20170618,25.09
5283,20170619,20.31
5284,20170620,23.09
5285,20170621,23.91
5286,20170622,25.37
5287,20170623,25.72
5288,20170624,24.68
5289,20170625,24.8
5290,20170626,23.71
5291,20170627,23.77
5292,20170628,25.15
5293,20170629,24.56
5294,20170630,24.39
5295,20170701,26.11
5296,20170702,26.8
5297,20170703,26.85
5298,20170704,27.16
5299,20170705,27.58
5300,20170706,26.12
5301,20170707,27.4
5302,20170708,26.82
5303,20170709,27.43
5304,20170710,27.46
5305,20170711,26.51
5306,20170712,28.14
5307,20170713,28.42
5308,20170714,26.89
5309,20170715,25.7
5310,20170716,28.53
5311,20170717,26.89
5312,20170718,25.7
5313,20170719,28.58
5314,20170720,29.48
5315,20170721,30.68
5316,20170722,29.6
5317,20170723,29.15
5318,20170724,29.97
5319,20170725,29.42
5320,20170726,29.02
5321,20170727,28.8
5322,20170728,28.72
5323,20170729,29.23
5324,20170730,27.4
5325,20170731,26.31
5326,20170801,27.72
5327,20170802,28.51
5328,20170803,28.88
5329,20170804,30.38
5330,20170805,31.17
5331,20170806,30.58
5332,20170807,30.03
5333,20170808,29.15
5334,20170809,27.85
5335,20170810,28.24
5336,20170811,28.12
5337,20170812,27.33
5338,20170813,24.4
5339,20170814,23.97
5340,20170815,24.79
5341,20170816,26.53
5342,20170817,26.46
5343,20170818,26.12
5344,20170819,26.72
5345,20170820,26.83
5346,20170821,25.43
5347,20170822,26.95
5348,20170823,29.14
5349,20170824,29.19
5350,20170825,27.84
5351,20170826,25.48
5352,20170827,25.17
5353,20170828,25.87
5354,20170829,24.34
5355,20170830,20.9
5356,20170831,23.04
5357,20170901,24.1
5358,20170902,23.1
5359,20170903,23.46
5360,20170904,23.59
5361,20170905,21.28
5362,20170906,21.9
5363,20170907,22.01
5364,20170908,22.97
5365,20170909,23.91
5366,20170910,24.45
5367,20170911,21.66
5368,20170912,23.05
5369,20170913,22.12
5370,20170914,22.68
5371,20170915,21.68
5372,20170916,21.23
5373,20170917,23.69
5374,20170918,22.4
5375,20170919,23.73
5376,20170920,21.75
5377,20170921,20.11
5378,20170922,21.61
5379,20170923,21.74
5380,20170924,23.2
5381,20170925,24.27
5382,20170926,25.3
5383,20170927,20.79
5384,20170928,21.38
5385,20170929,18.02
5386,20170930,19.51
5387,20171001,17.81
5388,20171002,21.02
5389,20171003,19.82
5390,20171004,19.05
5391,20171005,17.8
5392,20171006,16.32
5393,20171007,20.58
5394,20171008,22.13
5395,20171009,23.05
5396,20171010,23.12
5397,20171011,19.02
5398,20171012,13.27
5399,20171013,13.94
5400,20171014,16.58
5401,20171015,15.03
5402,20171016,17.08
5403,20171017,16.73
5404,20171018,16.74
5405,20171019,17.1
5406,20171020,17.38
5407,20171021,17.86
5408,20171022,17.96
5409,20171023,15.44
5410,20171024,14.41
5411,20171025,13.82
5412,20171026,14.5
5413,20171027,16.48
5414,20171028,17.11
5415,20171029,14.31
5416,20171030,9.97
5417,20171031,10.42
5418,20171101,12.11
5419,20171102,13.27
5420,20171103,11.67
5421,20171104,9.72
5422,20171105,9.38
5423,20171106,10.32
5424,20171107,15.78
5425,20171108,15.5
5426,20171109,12.05
5427,20171110,13.21
5428,20171111,9.25
5429,20171112,8.31
5430,20171113,9.67
5431,20171114,11.05
5432,20171115,7.82
5433,20171116,6.46
5434,20171117,8.1
5435,20171118,4.08
5436,20171119,3.08
5437,20171120,5.72
5438,20171121,6.23
5439,20171122,7.33
5440,20171123,4.88
5441,20171124,5.25
5442,20171125,6.11
5443,20171126,8.31
5444,20171127,5.95
5445,20171128,8.74
5446,20171129,9.39
5447,20171130,3.65
5448,20171201,1.94
5449,20171202,2.38
5450,20171203,5.85
5451,20171204,3.84
5452,20171205,-0.28
5453,20171206,2.78
5454,20171207,3.75
5455,20171208,0.44
5456,20171209,1.65
5457,20171210,4.84
5458,20171211,0.42
5459,20171212,-3.1
5460,20171213,-2.42
5461,20171214,-1.42
5462,20171215,1.37
5463,20171216,0.39
5464,20171217,-2.31
5465,20171218,1.15
5466,20171219,1.19
5467,20171220,1.45
5468,20171221,2.35
5469,20171222,2.74
5470,20171223,5.42
5471,20171224,6.99
5472,20171225,2.36
5473,20171226,1.45
5474,20171227,-1.3
5475,20171228,0.46
5476,20171229,4.06
5477,20171230,6.01
5478,20171231,4.2
5479,20180101,2.58
5480,20180102,2.1
5481,20180103,0.31
5482,20180104,-0.69
5483,20180105,1.22
5484,20180106,2.47
5485,20180107,2.14
5486,20180108,3.74
5487,20180109,-0.0
5488,20180110,-2.55
5489,20180111,-5.8
5490,20180112,-6.51
5491,20180113,-2.28
5492,20180114,0.95
5493,20180115,5.36
5494,20180116,4.75
5495,20180117,5.86
5496,20180118,5.33
5497,20180119,2.47
5498,20180120,2.64
5499,20180121,3.73
5500,20180122,5.53
5501,20180123,-3.34
5502,20180124,-7.82
5503,20180125,-7.52
5504,20180126,-7.77
5505,20180127,-5.27
5506,20180128,-0.99
5507,20180129,-3.64
5508,20180130,-3.19
5509,20180131,-0.4
5510,20180201,0.21
5511,20180202,-0.95
5512,20180203,-3.2
5513,20180204,-5.79
5514,20180205,-5.72
5515,20180206,-6.49
5516,20180207,-4.4
5517,20180208,-0.68
5518,20180209,3.53
5519,20180210,2.69
5520,20180211,-2.09
5521,20180212,-2.89
5522,20180213,1.17
5523,20180214,5.7
5524,20180215,3.41
5525,20180216,2.5
5526,20180217,1.4
5527,20180218,3.26
5528,20180219,6.21
5529,20180220,4.78
5530,20180221,2.2
5531,20180222,1.98
5532,20180223,5.97
5533,20180224,6.68
5534,20180225,6.7
5535,20180226,5.88
5536,20180227,8.04
5537,20180228,8.44
5538,20180301,3.52
5539,20180302,3.14
5540,20180303,9.34
5541,20180304,14.34
5542,20180305,11.32
5543,20180306,8.87
5544,20180307,7.07
5545,20180308,4.08
5546,20180309,4.61
5547,20180310,5.15
5548,20180311,7.48
5549,20180312,9.99
5550,20180313,13.23
5551,20180314,16.36
5552,20180315,14.75
5553,20180316,8.28
5554,20180317,8.6
5555,20180318,9.17
5556,20180319,12.07
5557,20180320,8.36
5558,20180321,2.2
5559,20180322,5.64
5560,20180323,6.8
5561,20180324,9.35
5562,20180325,11.84
5563,20180326,12.83
5564,20180327,14.44
5565,20180328,15.51
5566,20180329,17.15
5567,20180330,16.7
5568,20180331,16.85
5569,20180401,17.8
5570,20180402,18.9
5571,20180403,19.81
5572,20180404,16.46
5573,20180405,12.45
5574,20180406,9.65
5575,20180407,5.16
5576,20180408,8.82
5577,20180409,13.95
5578,20180410,16.99
5579,20180411,17.07
5580,20180412,13.57
5581,20180413,14.6
5582,20180414,11.64
5583,20180415,10.17
5584,20180416,11.27
5585,20180417,14.1
5586,20180418,13.76
5587,20180419,14.92
5588,20180420,18.9
5589,20180421,19.75
5590,20180422,19.53
5591,20180423,15.55
5592,20180424,14.21
5593,20180425,15.94
5594,20180426,15.93
5595,20180427,16.1
5596,20180428,17.75
5597,20180429,17.63
5598,20180430,19.58
5599,20180501,19.78
5600,20180502,16.9
5601,20180503,12.47
5602,20180504,14.68
5603,20180505,18.05
5604,20180506,17.44
5605,20180507,18.55
5606,20180508,18.1
5607,20180509,16.8
5608,20180510,17.01
5609,20180511,17.56
5610,20180512,18.21
5611,20180513,18.66
5612,20180514,20.55
5613,20180515,23.61
5614,20180516,24.55
5615,20180517,24.53
5616,20180518,21.12
5617,20180519,18.56
5618,20180520,18.34
5619,20180521,18.19
5620,20180522,19.56
5621,20180523,19.32
5622,20180524,19.27
5623,20180525,20.8
5624,20180526,22.23
5625,20180527,21.57
5626,20180528,21.68
5627,20180529,23.4
5628,20180530,21.92
5629,20180531,20.25
5630,20180601,23.49
5631,20180602,24.88
5632,20180603,24.18
5633,20180604,23.13
5634,20180605,22.22
5635,20180606,23.68
5636,20180607,24.73
5637,20180608,22.39
5638,20180609,23.4
5639,20180610,22.17
5640,20180611,20.56
5641,20180612,21.43
5642,20180613,22.51
5643,20180614,22.75
5644,20180615,22.3
5645,20180616,22.4
5646,20180617,22.88
5647,20180618,24.88
5648,20180619,22.3
5649,20180620,22.73
5650,20180621,24.01
5651,20180622,24.78
5652,20180623,24.78
5653,20180624,26.24
5654,20180625,27.13
5655,20180626,25.51
5656,20180627,24.57
5657,20180628,22.98
5658,20180629,25.48
5659,20180630,23.35
5660,20180701,24.14
5661,20180702,25.68
5662,20180703,26.68
5663,20180704,26.77
5664,20180705,25.23
5665,20180706,23.6
5666,20180707,24.26
5667,20180708,23.83
5668,20180709,23.52
5669,20180710,26.9
5670,20180711,27.95
5671,20180712,29.1
5672,20180713,28.81
5673,20180714,28.68
5674,20180715,29.51
5675,20180716,29.0
5676,20180717,29.14
5677,20180718,29.29
5678,20180719,29.37
5679,20180720,30.63
5680,20180721,30.58
5681,20180722,29.69
5682,20180723,29.71
5683,20180724,30.35
5684,20180725,30.38
5685,20180726,30.52
5686,20180727,31.01
5687,20180728,30.41
5688,20180729,31.33
5689,20180730,30.37
5690,20180731,30.78
5691,20180801,31.62
5692,20180802,32.11
5693,20180803,30.65
5694,20180804,30.35
5695,20180805,30.25
5696,20180806,30.77
5697,20180807,29.87
5698,20180808,30.91
5699,20180809,30.43
5700,20180810,29.38
5701,20180811,28.77
5702,20180812,29.2
5703,20180813,30.7
5704,20180814,31.16
5705,20180815,30.94
5706,20180816,29.3
5707,20180817,27.08
5708,20180818,26.02
5709,20180819,26.94
5710,20180820,27.17
5711,20180821,28.39
5712,20180822,29.96
5713,20180823,26.64
5714,20180824,25.42
5715,20180825,24.8
5716,20180826,23.55
5717,20180827,24.62
5718,20180828,27.08
5719,20180829,27.52
5720,20180830,25.96
5721,20180831,24.72
5722,20180901,24.23
5723,20180902,23.95
5724,20180903,25.57
5725,20180904,24.08
5726,20180905,24.12
5727,20180906,23.42
5728,20180907,21.26
5729,20180908,20.23
5730,20180909,20.98
5731,20180910,21.84
5732,20180911,20.52
5733,20180912,22.3
5734,20180913,22.32
5735,20180914,22.41
5736,20180915,23.31
5737,20180916,23.72
5738,20180917,22.91
5739,20180918,22.29
5740,20180919,20.86
5741,20180920,21.21
5742,20180921,20.4
5743,20180922,21.31
5744,20180923,19.7
5745,20180924,18.37
5746,20180925,17.88
5747,20180926,19.57
5748,20180927,19.0
5749,20180928,19.8
5750,20180929,20.59
5751,20180930,19.49
5752,20181001,17.63
5753,20181002,17.34
5754,20181003,17.15
5755,20181004,18.89
5756,20181005,17.64
5757,20181006,19.05
5758,20181007,18.17
5759,20181008,16.12
5760,20181009,16.0
5761,20181010,14.88
5762,20181011,12.29
5763,20181012,12.16
5764,20181013,12.97
5765,20181014,14.18
5766,20181015,15.64
5767,20181016,14.66
5768,20181017,14.0
5769,20181018,12.6
5770,20181019,13.36
5771,20181020,13.59
5772,20181021,13.95
5773,20181022,14.43
5774,20181023,14.21
5775,20181024,14.13
5776,20181025,14.32
5777,20181026,13.68
5778,20181027,11.2
5779,20181028,12.88
5780,20181029,12.27
5781,20181030,10.03
5782,20181031,9.02
5783,20181101,9.36
5784,20181102,11.25
5785,20181103,11.6
5786,20181104,11.81
5787,20181105,12.53
5788,20181106,13.13
5789,20181107,13.42
5790,20181108,14.89
5791,20181109,12.85
5792,20181110,11.6
5793,20181111,10.84
5794,20181112,10.52
5795,20181113,9.37
5796,20181114,9.87
5797,20181115,10.88
5798,20181116,10.3
5799,20181117,9.05
5800,20181118,7.46
5801,20181119,8.61
5802,20181120,8.66
5803,20181121,7.85
5804,20181122,6.49
5805,20181123,5.32
5806,20181124,7.53
5807,20181125,8.3
5808,20181126,8.52
5809,20181127,9.88
5810,20181128,8.9
5811,20181129,7.67
5812,20181130,8.26
5813,20181201,7.89
5814,20181202,11.88
5815,20181203,14.77
5816,20181204,11.28
5817,20181205,4.99
5818,20181206,4.01
5819,20181207,-0.53
5820,20181208,-2.94
5821,20181209,-2.43
5822,20181210,0.3
5823,20181211,1.38
5824,20181212,1.31
5825,20181213,2.02
5826,20181214,0.61
5827,20181215,0.67
5828,20181216,2.27
5829,20181217,4.16
5830,20181218,4.85
5831,20181219,6.15
5832,20181220,8.4
5833,20181221,8.32
5834,20181222,8.58
5835,20181223,6.68
5836,20181224,1.87
5837,20181225,2.48
5838,20181226,4.2
5839,20181227,-2.66
5840,20181228,-4.8
5841,20181229,-3.44
5842,20181230,-2.58
5843,20181231,-1.95
5844,20190101,0.01
5845,20190102,0.08
5846,20190103,0.38
5847,20190104,0.31
5848,20190105,2.44
5849,20190106,0.5
5850,20190107,1.04
5851,20190108,1.01
5852,20190109,-1.0
5853,20190110,2.05
5854,20190111,3.99
5855,20190112,4.68
5856,20190113,3.45
5857,20190114,2.36
5858,20190115,2.08
5859,20190116,-2.1
5860,20190117,1.01
5861,20190118,2.3
5862,20190119,3.4
5863,20190120,2.56
5864,20190121,2.05
5865,20190122,3.35
5866,20190123,4.5
5867,20190124,2.98
5868,20190125,0.93
5869,20190126,-0.37
5870,20190127,0.6
5871,20190128,3.6
5872,20190129,2.12
5873,20190130,3.82
5874,20190131,0.74
5875,20190201,-0.16
5876,20190202,3.05
5877,20190203,7.39
5878,20190204,4.21
5879,20190205,5.14
5880,20190206,7.1
5881,20190207,3.35
5882,20190208,-1.11
5883,20190209,-0.89
5884,20190210,-1.29
5885,20190211,0.02
5886,20190212,1.11
5887,20190213,2.09
5888,20190214,2.25
5889,20190215,2.44
5890,20190216,0.66
5891,20190217,0.98
5892,20190218,2.38
5893,20190219,4.0
5894,20190220,3.35
5895,20190221,4.0
5896,20190222,5.28
5897,20190223,6.85
5898,20190224,7.9
5899,20190225,6.99
5900,20190226,6.4
5901,20190227,7.73
5902,20190228,8.3
5903,20190301,6.6
5904,20190302,9.16
5905,20190303,11.13
5906,20190304,9.59
5907,20190305,8.59
5908,20190306,10.4
5909,20190307,6.79
5910,20190308,6.66
5911,20190309,8.73
5912,20190310,8.72
5913,20190311,5.93
5914,20190312,6.17
5915,20190313,4.86
5916,20190314,6.58
5917,20190315,7.65
5918,20190316,7.17
5919,20190317,8.1
5920,20190318,8.35
5921,20190319,10.9
5922,20190320,12.08
5923,20190321,9.14
5924,20190322,5.19
5925,20190323,4.89
5926,20190324,5.06
5927,20190325,7.1
5928,20190326,11.68
5929,20190327,13.7
5930,20190328,13.21
5931,20190329,12.16
5932,20190330,7.93
5933,20190331,5.98
5934,20190401,7.21
5935,20190402,8.12
5936,20190403,7.71
5937,20190404,9.3
5938,20190405,11.75
5939,20190406,13.04
5940,20190407,12.72
5941,20190408,13.44
5942,20190409,10.93
5943,20190410,7.95
5944,20190411,9.98
5945,20190412,11.38
5946,20190413,12.1
5947,20190414,11.23
5948,20190415,11.76
5949,20190416,14.87
5950,20190417,15.85
5951,20190418,15.9
5952,20190419,15.96
5953,20190420,17.03
5954,20190421,17.64
5955,20190422,20.12
5956,20190423,17.28
5957,20190424,18.1
5958,20190425,15.24
5959,20190426,9.61
5960,20190427,12.71
5961,20190428,13.2
5962,20190429,12.0
5963,20190430,15.03
5964,20190501,14.67
5965,20190502,15.09
5966,20190503,17.75
5967,20190504,19.5
5968,20190505,19.96
5969,20190506,14.56
5970,20190507,14.33
5971,20190508,15.23
5972,20190509,17.34
5973,20190510,18.24
5974,20190511,19.38
5975,20190512,21.02
5976,20190513,20.19
5977,20190514,22.19
5978,20190515,22.86
5979,20190516,23.22
5980,20190517,21.48
5981,20190518,18.44
5982,20190519,20.87
5983,20190520,16.87
5984,20190521,16.85
5985,20190522,20.03
5986,20190523,22.18
5987,20190524,23.45
5988,20190525,22.92
5989,20190526,22.66
5990,20190527,18.22
5991,20190528,17.22
5992,20190529,19.6
5993,20190530,20.37
5994,20190531,17.86
5995,20190601,19.4
5996,20190602,21.72
5997,20190603,22.95
5998,20190604,23.8
5999,20190605,24.11
6000,20190606,22.07
6001,20190607,19.24
6002,20190608,20.71
6003,20190609,21.54
6004,20190610,19.34
6005,20190611,18.45
6006,20190612,20.04
6007,20190613,21.8
6008,20190614,19.92
6009,20190615,20.39
6010,20190616,20.72
6011,20190617,21.81
6012,20190618,22.27
6013,20190619,23.55
6014,20190620,23.51
6015,20190621,23.57
6016,20190622,22.03
6017,20190623,22.9
6018,20190624,23.53
6019,20190625,24.46
6020,20190626,20.95
6021,20190627,24.38
6022,20190628,24.22
6023,20190629,21.89
6024,20190630,23.78
6025,20190701,22.66
6026,20190702,24.02
6027,20190703,23.33
6028,20190704,25.15
6029,20190705,26.52
6030,20190706,26.95
6031,20190707,24.18
6032,20190708,23.48
6033,20190709,23.76
6034,20190710,21.21
6035,20190711,23.09
6036,20190712,24.33
6037,20190713,23.62
6038,20190714,25.07
6039,20190715,25.13
6040,20190716,24.53
6041,20190717,25.28
6042,20190718,23.4
6043,20190719,24.72
6044,20190720,24.34
6045,20190721,24.55
6046,20190722,27.03
6047,20190723,27.73
6048,20190724,26.92
6049,20190725,27.62
6050,20190726,27.44
6051,20190727,26.25
6052,20190728,27.13
6053,20190729,28.18
6054,20190730,28.4
6055,20190731,28.94
6056,20190801,29.17
6057,20190802,29.4
6058,20190803,29.6
6059,20190804,29.49
6060,20190805,29.59
6061,20190806,29.14
6062,20190807,29.0
6063,20190808,28.76
6064,20190809,29.06
6065,20190810,29.59
6066,20190811,28.23
6067,20190812,27.95
6068,20190813,29.25
6069,20190814,29.85
6070,20190815,27.81
6071,20190816,26.67
6072,20190817,26.78
6073,20190818,26.5
6074,20190819,26.28
6075,20190820,27.22
6076,20190821,26.6
6077,20190822,26.73
6078,20190823,25.92
6079,20190824,23.98
6080,20190825,23.38
6081,20190826,25.02
6082,20190827,23.04
6083,20190828,24.16
6084,20190829,23.08
6085,20190830,23.75
6086,20190831,23.42
6087,20190901,22.1
6088,20190902,21.1
6089,20190903,22.53
6090,20190904,24.32
6091,20190905,24.98
6092,20190906,25.62
6093,20190907,25.0
6094,20190908,24.64
6095,20190909,24.6
6096,20190910,26.71
6097,20190911,26.53
6098,20190912,22.73
6099,20190913,23.52
6100,20190914,23.98
6101,20190915,24.84
6102,20190916,24.45
6103,20190917,23.88
6104,20190918,22.35
6105,20190919,20.32
6106,20190920,20.58
6107,20190921,17.99
6108,20190922,18.22
6109,20190923,19.62
6110,20190924,19.08
6111,20190925,19.63
6112,20190926,21.76
6113,20190927,23.24
6114,20190928,24.21
6115,20190929,24.47
6116,20190930,23.48
6117,20191001,21.0
6118,20191002,20.55
6119,20191003,22.27
6120,20191004,22.4
6121,20191005,18.76
6122,20191006,18.89
6123,20191007,16.78
6124,20191008,17.17
6125,20191009,15.14
6126,20191010,16.53
6127,20191011,19.44
6128,20191012,20.12
6129,20191013,18.42
6130,20191014,15.75
6131,20191015,13.9
6132,20191016,15.49
6133,20191017,15.38
6134,20191018,16.92
6135,20191019,17.4
6136,20191020,17.2
6137,20191021,17.43
6138,20191022,17.81
6139,20191023,17.67
6140,20191024,18.37
6141,20191025,17.72
6142,20191026,13.81
6143,20191027,12.51
6144,20191028,12.51
6145,20191029,15.09
6146,20191030,13.16
6147,20191031,13.54
6148,20191101,15.59
6149,20191102,15.42
6150,20191103,15.85
6151,20191104,14.65
6152,20191105,14.12
6153,20191106,12.74
6154,20191107,12.42
6155,20191108,9.5
6156,20191109,10.37
6157,20191110,10.7
6158,20191111,12.78
6159,20191112,12.18
6160,20191113,10.2
6161,20191114,6.47
6162,20191115,8.4
6163,20191116,13.06
6164,20191117,15.6
6165,20191118,10.7
6166,20191119,6.46
6167,20191120,5.0
6168,20191121,7.52
6169,20191122,12.49
6170,20191123,13.96
6171,20191124,15.24
6172,20191125,6.15
6173,20191126,8.32
6174,20191127,8.26
6175,20191128,6.2
6176,20191129,5.65
6177,20191130,6.8
6178,20191201,6.77
6179,20191202,5.36
6180,20191203,4.35
6181,20191204,6.03
6182,20191205,3.0
6183,20191206,-1.26
6184,20191207,2.27
6185,20191208,4.73
6186,20191209,4.25
6187,20191210,8.29
6188,20191211,8.09
6189,20191212,4.36
6190,20191213,3.45
6191,20191214,5.29
6192,20191215,7.67
6193,20191216,10.27
6194,20191217,8.97
6195,20191218,5.29
6196,20191219,3.21
6197,20191220,2.88
6198,20191221,2.37
6199,20191222,5.47
6200,20191223,5.19
6201,20191224,5.31
6202,20191225,6.35
6203,20191226,6.12
6204,20191227,3.12
6205,20191228,3.23
6206,20191229,3.9
6207,20191230,6.99
6208,20191231,-1.67
6209,20200101,-0.46
6210,20200102,2.29
6211,20200103,3.92
6212,20200104,3.36
6213,20200105,4.53
6214,20200106,6.85
6215,20200107,12.88
6216,20200108,5.45
6217,20200109,3.58
6218,20200110,2.69
6219,20200111,3.45
6220,20200112,3.4
6221,20200113,2.57
6222,20200114,2.0
6223,20200115,1.06
6224,20200116,2.12
6225,20200117,2.82
6226,20200118,2.26
6227,20200119,2.94
6228,20200120,3.94
6229,20200121,3.5
6230,20200122,5.22
6231,20200123,7.74
6232,20200124,7.0
6233,20200125,7.24
6234,20200126,8.01
6235,20200127,6.36
6236,20200128,7.06
6237,20200129,6.78
6238,20200130,6.04
6239,20200131,4.57
6240,20200201,3.55
6241,20200202,4.13
6242,20200203,2.35
6243,20200204,1.76
6244,20200205,-1.16
6245,20200206,-2.61
6246,20200207,0.89
6247,20200208,3.03
6248,20200209,2.52
6249,20200210,5.35
6250,20200211,7.25
6251,20200212,10.04
6252,20200213,8.58
6253,20200214,10.81
6254,20200215,11.07
6255,20200216,2.06
6256,20200217,-1.93
6257,20200218,0.3
6258,20200219,3.13
6259,20200220,7.48
6260,20200221,9.12
6261,20200222,7.64
6262,20200223,5.09
6263,20200224,7.67
6264,20200225,12.24
6265,20200226,9.33
6266,20200227,6.93
6267,20200228,7.0
6268,20200229,9.07
6269,20200301,6.94
6270,20200302,6.17
6271,20200303,7.3
6272,20200304,5.17
6273,20200305,3.62
6274,20200306,5.16
6275,20200307,5.71
6276,20200308,9.24
6277,20200309,9.34
6278,20200310,7.16
6279,20200311,5.68
6280,20200312,7.19
6281,20200313,8.17
6282,20200314,5.56
6283,20200315,7.18
6284,20200316,5.26
6285,20200317,8.86
6286,20200318,12.22
6287,20200319,10.52
6288,20200320,10.37
6289,20200321,13.87
6290,20200322,14.83
6291,20200323,10.84
6292,20200324,11.27
6293,20200325,13.95
6294,20200326,13.72
6295,20200327,11.38
6296,20200328,7.38
6297,20200329,8.63
6298,20200330,12.02
6299,20200331,12.6
6300,20200401,10.94
6301,20200402,10.52
6302,20200403,10.93
6303,20200404,8.92
6304,20200405,7.92
6305,20200406,9.15
6306,20200407,12.14
6307,20200408,11.26
6308,20200409,9.73
6309,20200410,10.63
6310,20200411,8.05
6311,20200412,8.55
6312,20200413,9.45
6313,20200414,12.17
6314,20200415,12.89
6315,20200416,14.33
6316,20200417,13.63
6317,20200418,12.98
6318,20200419,11.43
6319,20200420,11.85
6320,20200421,10.12
6321,20200422,8.7
6322,20200423,9.3
6323,20200424,10.78
6324,20200425,14.11
6325,20200426,12.85
6326,20200427,12.94
6327,20200428,13.29
6328,20200429,15.62
6329,20200430,17.63
6330,20200501,21.45
6331,20200502,20.58
6332,20200503,19.0
6333,20200504,20.0
6334,20200505,17.49
6335,20200506,21.77
6336,20200507,20.07
6337,20200508,18.08
6338,20200509,17.39
6339,20200510,14.85
6340,20200511,18.48
6341,20200512,16.85
6342,20200513,16.72
6343,20200514,19.51
6344,20200515,18.31
6345,20200516,19.05
6346,20200517,20.4
6347,20200518,19.04
6348,20200519,13.47
6349,20200520,15.68
6350,20200521,17.78
6351,20200522,19.42
6352,20200523,20.01
6353,20200524,18.7
6354,20200525,18.39
6355,20200526,18.82
6356,20200527,19.7
6357,20200528,18.5
6358,20200529,20.76
6359,20200530,22.0
6360,20200531,20.25
6361,20200601,21.28
6362,20200602,20.95
6363,20200603,22.5
6364,20200604,24.95
6365,20200605,24.99
6366,20200606,24.12
6367,20200607,24.37
6368,20200608,25.97
6369,20200609,26.65
6370,20200610,25.4
6371,20200611,25.15
6372,20200612,25.38
6373,20200613,23.87
6374,20200614,23.33
6375,20200615,23.48
6376,20200616,23.89
6377,20200617,22.61
6378,20200618,18.22
6379,20200619,22.0
6380,20200620,22.98
6381,20200621,24.25
6382,20200622,24.55
6383,20200623,25.06
6384,20200624,23.38
6385,20200625,22.39
6386,20200626,23.62
6387,20200627,25.03
6388,20200628,25.21
6389,20200629,21.48
6390,20200630,20.13
6391,20200701,22.0
6392,20200702,22.97
6393,20200703,20.59
6394,20200704,20.17
6395,20200705,22.4
6396,20200706,22.83
6397,20200707,25.43
6398,20200708,24.75
6399,20200709,24.98
6400,20200710,24.9
6401,20200711,24.91
6402,20200712,22.19
6403,20200713,21.55
6404,20200714,19.62
6405,20200715,19.84
6406,20200716,22.62
6407,20200717,24.21
6408,20200718,23.58
6409,20200719,25.89
6410,20200720,25.35
6411,20200721,24.76
6412,20200722,23.04
6413,20200723,22.73
6414,20200724,20.95
6415,20200725,21.96
6416,20200726,23.35
6417,20200727,23.1
6418,20200728,24.88
6419,20200729,24.79
6420,20200730,26.61
6421,20200731,27.38
6422,20200801,26.25
6423,20200802,27.3
6424,20200803,27.7
6425,20200804,28.42
6426,20200805,28.06
6427,20200806,25.84
6428,20200807,24.71
6429,20200808,24.75
6430,20200809,27.61
6431,20200810,25.86
6432,20200811,26.83
6433,20200812,27.56
6434,20200813,28.4
6435,20200814,28.84
6436,20200815,28.72
6437,20200816,28.35
6438,20200817,28.71
6439,20200818,28.65
6440,20200819,28.29
6441,20200820,28.03
6442,20200821,27.81
6443,20200822,27.3
6444,20200823,27.47
6445,20200824,28.16
6446,20200825,28.75
6447,20200826,27.59
6448,20200827,28.36
6449,20200828,28.44
6450,20200829,27.08
6451,20200830,28.26
6452,20200831,27.17
6453,20200901,26.8
6454,20200902,25.12
6455,20200903,23.83
6456,20200904,24.02
6457,20200905,22.14
6458,20200906,20.73
6459,20200907,20.09
6460,20200908,23.85
6461,20200909,21.74
6462,20200910,22.85
6463,20200911,20.39
6464,20200912,21.47
6465,20200913,20.57
6466,20200914,22.42
6467,20200915,22.58
6468,20200916,22.2
6469,20200917,20.92
6470,20200918,19.83
6471,20200919,19.72
6472,20200920,19.12
6473,20200921,18.73
6474,20200922,18.69
6475,20200923,18.66
6476,20200924,20.93
6477,20200925,21.14
6478,20200926,21.09
6479,20200927,20.79
6480,20200928,20.0
6481,20200929,19.48
6482,20200930,19.45
6483,20201001,20.23
6484,20201002,20.68
6485,20201003,20.73
6486,20201004,18.68
6487,20201005,15.39
6488,20201006,15.87
6489,20201007,17.49
6490,20201008,18.27
6491,20201009,17.53
6492,20201010,18.1
6493,20201011,18.69
6494,20201012,18.11
6495,20201013,14.99
6496,20201014,14.77
6497,20201015,14.9
6498,20201016,13.82
6499,20201017,14.17
6500,20201018,14.88
6501,20201019,15.45
6502,20201020,16.0
6503,20201021,14.49
6504,20201022,13.82
6505,20201023,12.05
6506,20201024,11.55
6507,20201025,12.8
6508,20201026,13.41
6509,20201027,14.29
6510,20201028,15.54
6511,20201029,12.33
6512,20201030,12.64
6513,20201031,13.4
6514,20201101,12.34
6515,20201102,13.41
6516,20201103,8.93
6517,20201104,8.02
6518,20201105,9.34
6519,20201106,12.65
6520,20201107,13.65
6521,20201108,10.65
6522,20201109,8.78
6523,20201110,9.6
6524,20201111,10.6
6525,20201112,11.42
6526,20201113,11.61
6527,20201114,13.14
6528,20201115,13.62
6529,20201116,14.46
6530,20201117,16.6
6531,20201118,19.47
6532,20201119,18.03
6533,20201120,9.39
6534,20201121,9.55
6535,20201122,9.94
6536,20201123,6.25
6537,20201124,6.7
6538,20201125,7.94
6539,20201126,9.03
6540,20201127,7.8
6541,20201128,5.24
6542,20201129,4.57
6543,20201130,4.26
6544,20201201,4.07
6545,20201202,5.16
6546,20201203,4.4
6547,20201204,3.2
6548,20201205,4.15
6549,20201206,5.01
6550,20201207,5.02
6551,20201208,3.67
6552,20201209,3.73
6553,20201210,6.56
6554,20201211,6.88
6555,20201212,6.95
6556,20201213,3.85
6557,20201214,-1.24
6558,20201215,-2.74
6559,20201216,-2.32
6560,20201217,-0.47
6561,20201218,1.33
6562,20201219,-0.3
6563,20201220,0.75
6564,20201221,1.21
6565,20201222,2.58
6566,20201223,3.65
6567,20201224,5.2
6568,20201225,2.72
6569,20201226,3.63
6570,20201227,5.23
6571,20201228,5.71
6572,20201229,3.87
6573,20201230,-4.52
6574,20201231,-4.82
6575,20210101,-0.79
6576,20210102,0.06
6577,20210103,-0.6
6578,20210104,0.93
6579,20210105,0.34
6580,20210106,-2.72
6581,20210107,-7.65
6582,20210108,-9.98
6583,20210109,-7.69
6584,20210110,-5.33
6585,20210111,-2.12
6586,20210112,-0.77
6587,20210113,3.89
6588,20210114,6.46
6589,20210115,8.19
6590,20210116,0.7
6591,20210117,-1.65
6592,20210118,0.7
6593,20210119,-1.19
6594,20210120,2.72
6595,20210121,7.32
6596,20210122,9.24
6597,20210123,9.37
6598,20210124,9.04
6599,20210125,8.85
6600,20210126,6.73
6601,20210127,5.23
6602,20210128,1.45
6603,20210129,-3.26
6604,20210130,1.4
6605,20210131,5.67
6606,20210201,8.72
6607,20210202,-0.39
6608,20210203,-0.01
6609,20210204,1.95
6610,20210205,2.45
6611,20210206,5.38
6612,20210207,7.95
6613,20210208,0.55
6614,20210209,1.45
6615,20210210,3.59
6616,20210211,6.14
6617,20210212,9.25
6618,20210213,10.09
6619,20210214,10.87
6620,20210215,4.62
6621,20210216,0.68
6622,20210217,-4.31
6623,20210218,-2.6
6624,20210219,3.33
6625,20210220,10.25
6626,20210221,12.99
6627,20210222,11.2
6628,20210223,3.6
6629,20210224,3.62
6630,20210225,4.51
6631,20210226,9.43
6632,20210227,9.44
6633,20210228,8.71
6634,20210301,11.84
6635,20210302,5.11
6636,20210303,5.68
6637,20210304,6.84
6638,20210305,10.55
6639,20210306,10.43
6640,20210307,9.01
6641,20210308,8.76
6642,20210309,8.68
6643,20210310,10.45
6644,20210311,11.74
6645,20210312,9.4
6646,20210313,9.59
6647,20210314,9.79
6648,20210315,11.96
6649,20210316,11.81
6650,20210317,9.33
6651,20210318,11.52
6652,20210319,13.72
6653,20210320,10.13
6654,20210321,6.87
6655,20210322,7.4
6656,20210323,9.89
6657,20210324,11.55
6658,20210325,13.42
6659,20210326,14.53
6660,20210327,14.59
6661,20210328,12.73
6662,20210329,13.3
6663,20210330,13.78
6664,20210331,15.01
6665,20210401,16.73
6666,20210402,18.42
6667,20210403,17.08
6668,20210404,11.28
6669,20210405,12.41
6670,20210406,12.47
6671,20210407,13.88
6672,20210408,13.08
6673,20210409,13.36
6674,20210410,13.54
6675,20210411,15.23
6676,20210412,13.77
6677,20210413,10.78
6678,20210414,9.45
6679,20210415,11.34
6680,20210416,13.1
6681,20210417,11.65
6682,20210418,10.96
6683,20210419,12.48
6684,20210420,15.61
6685,20210421,18.88
6686,20210422,19.79
6687,20210423,21.37
6688,20210424,19.18
6689,20210425,18.08
6690,20210426,16.46
6691,20210427,16.23
6692,20210428,18.02
6693,20210429,17.65
6694,20210430,14.74
6695,20210501,10.63
6696,20210502,12.12
6697,20210503,15.0
6698,20210504,17.46
6699,20210505,15.46
6700,20210506,15.43
6701,20210507,16.9
6702,20210508,16.07
6703,20210509,17.37
6704,20210510,18.0
6705,20210511,19.39
6706,20210512,21.79
6707,20210513,22.45
6708,20210514,22.67
6709,20210515,21.58
6710,20210516,21.07
6711,20210517,16.14
6712,20210518,17.88
6713,20210519,20.85
6714,20210520,16.86
6715,20210521,16.59
6716,20210522,19.18
6717,20210523,21.73
6718,20210524,20.31
6719,20210525,17.59
6720,20210526,18.27
6721,20210527,16.95
6722,20210528,17.87
6723,20210529,19.13
6724,20210530,21.85
6725,20210531,23.54
6726,20210601,23.4
6727,20210602,23.41
6728,20210603,19.97
6729,20210604,20.08
6730,20210605,20.8
6731,20210606,22.68
6732,20210607,23.93
6733,20210608,25.36
6734,20210609,25.95
6735,20210610,23.88
6736,20210611,24.03
6737,20210612,25.25
6738,20210613,23.85
6739,20210614,23.41
6740,20210615,21.07
6741,20210616,23.24
6742,20210617,22.3
6743,20210618,21.19
6744,20210619,23.03
6745,20210620,24.0
6746,20210621,25.15
6747,20210622,24.44
6748,20210623,23.14
6749,20210624,23.07
6750,20210625,23.38
6751,20210626,23.77
6752,20210627,24.45
6753,20210628,23.17
6754,20210629,23.28
6755,20210630,23.82
6756,20210701,25.65
6757,20210702,26.06
6758,20210703,23.7
6759,20210704,23.29
6760,20210705,21.77
6761,20210706,22.96
6762,20210707,25.38
6763,20210708,25.5
6764,20210709,25.89
6765,20210710,26.38
6766,20210711,26.95
6767,20210712,28.11
6768,20210713,28.35
6769,20210714,28.27
6770,20210715,28.61
6771,20210716,26.63
6772,20210717,26.14
6773,20210718,27.35
6774,20210719,27.75
6775,20210720,27.59
6776,20210721,28.71
6777,20210722,28.61
6778,20210723,28.89
6779,20210724,29.13
6780,20210725,28.88
6781,20210726,28.57
6782,20210727,28.35
6783,20210728,28.95
6784,20210729,29.0
6785,20210730,28.1
6786,20210731,28.9
6787,20210801,28.18
6788,20210802,26.98
6789,20210803,26.82
6790,20210804,28.43
6791,20210805,28.63
6792,20210806,27.45
6793,20210807,27.61
6794,20210808,26.22
6795,20210809,26.91
6796,20210810,27.69
6797,20210811,26.58
6798,20210812,26.3
6799,20210813,25.71
6800,20210814,24.28
6801,20210815,24.54
6802,20210816,25.52
6803,20210817,25.65
6804,20210818,22.81
6805,20210819,22.2
6806,20210820,24.5
6807,20210821,24.69
6808,20210822,25.55
6809,20210823,24.32
6810,20210824,25.02
6811,20210825,25.16
6812,20210826,26.36
6813,20210827,23.68
6814,20210828,24.81
6815,20210829,25.47
6816,20210830,25.45
6817,20210831,26.13
6818,20210901,24.7
6819,20210902,21.83
6820,20210903,22.58
6821,20210904,23.32
6822,20210905,21.94
6823,20210906,20.92
6824,20210907,22.53
6825,20210908,22.64
6826,20210909,22.98
6827,20210910,23.11
6828,20210911,24.79
6829,20210912,24.85
6830,20210913,24.22
6831,20210914,22.66
6832,20210915,24.25
6833,20210916,21.3
6834,20210917,23.08
6835,20210918,23.18
6836,20210919,23.42
6837,20210920,23.73
6838,20210921,23.04
6839,20210922,23.1
6840,20210923,21.43
6841,20210924,20.98
6842,20210925,21.94
6843,20210926,22.26
6844,20210927,22.67
6845,20210928,22.71
6846,20210929,22.67
6847,20210930,23.62
6848,20211001,22.06
6849,20211002,22.78
6850,20211003,23.51
6851,20211004,25.54
6852,20211005,24.3
6853,20211006,23.78
6854,20211007,22.28
6855,20211008,22.19
6856,20211009,24.4
6857,20211010,24.02
6858,20211011,16.3
6859,20211012,17.26
6860,20211013,19.86
6861,20211014,21.56
6862,20211015,19.52
6863,20211016,14.26
6864,20211017,8.41
6865,20211018,10.96
6866,20211019,12.18
6867,20211020,10.55
6868,20211021,11.38
6869,20211022,11.71
6870,20211023,12.73
6871,20211024,12.9
6872,20211025,13.12
6873,20211026,13.3
6874,20211027,14.3
6875,20211028,13.82
6876,20211029,14.92
6877,20211030,13.99
6878,20211031,14.51
6879,20211101,14.58
6880,20211102,12.32
6881,20211103,12.18
6882,20211104,13.56
6883,20211105,13.83
6884,20211106,15.72
6885,20211107,16.32
6886,20211108,12.19
6887,20211109,8.62
6888,20211110,7.83
6889,20211111,7.99
6890,20211112,7.04
6891,20211113,8.85
6892,20211114,10.28
6893,20211115,10.71
6894,20211116,10.63
6895,20211117,9.51
6896,20211118,10.62
6897,20211119,11.48
6898,20211120,10.96
6899,20211121,12.07
6900,20211122,7.95
6901,20211123,3.8
6902,20211124,8.29
6903,20211125,9.86
6904,20211126,7.7
6905,20211127,7.07
6906,20211128,7.51
6907,20211129,8.67
6908,20211130,9.01
6909,20211201,2.77
6910,20211202,3.87
6911,20211203,5.82
6912,20211204,4.84
6913,20211205,5.19
6914,20211206,8.05
6915,20211207,8.01
6916,20211208,7.88
6917,20211209,8.12
6918,20211210,10.06
6919,20211211,8.56
6920,20211212,6.86
6921,20211213,1.26
6922,20211214,3.09
6923,20211215,7.46
6924,20211216,7.73
6925,20211217,1.15
6926,20211218,-2.68
6927,20211219,3.21
6928,20211220,5.87
6929,20211221,6.94
6930,20211222,5.9
6931,20211223,5.32
6932,20211224,3.95
6933,20211225,-3.27
6934,20211226,-5.27
6935,20211227,-2.66
6936,20211228,3.03
6937,20211229,4.34
6938,20211230,2.34
6939,20211231,-1.61
6940,20220101,-0.5
6941,20220102,0.75
6942,20220103,0.45
6943,20220104,1.97
6944,20220105,2.0
6945,20220106,2.63
6946,20220107,0.85
6947,20220108,1.22
6948,20220109,3.35
6949,20220110,2.5
6950,20220111,-0.96
6951,20220112,-2.39
6952,20220113,-2.32
6953,20220114,-0.91
6954,20220115,1.98
6955,20220116,2.11
6956,20220117,0.33
6957,20220118,-1.08
6958,20220119,-0.4
6959,20220120,-1.24
6960,20220121,1.15
6961,20220122,6.73
6962,20220123,7.18
6963,20220124,5.73
6964,20220125,5.94
6965,20220126,4.29
6966,20220127,2.73
6967,20220128,1.1
6968,20220129,0.72
6969,20220130,0.82
6970,20220131,1.41
6971,20220201,1.7
6972,20220202,1.68
6973,20220203,0.51
6974,20220204,-0.63
6975,20220205,-2.06
6976,20220206,-1.16
6977,20220207,-0.15
6978,20220208,1.68
6979,20220209,3.08
6980,20220210,4.36
6981,20220211,4.6
6982,20220212,6.9
6983,20220213,7.79
6984,20220214,6.05
6985,20220215,0.08
6986,20220216,-2.98
6987,20220217,-3.9
6988,20220218,0.73
6989,20220219,2.67
6990,20220220,-1.88
6991,20220221,0.67
6992,20220222,0.3
6993,20220223,-1.81
6994,20220224,-0.28
6995,20220225,3.05
6996,20220226,6.04
6997,20220227,5.91
6998,20220228,7.0
6999,20220301,7.55
7000,20220302,4.24
7001,20220303,6.43
7002,20220304,10.28
7003,20220305,5.88
7004,20220306,3.31
7005,20220307,4.51
7006,20220308,6.79
7007,20220309,9.4
7008,20220310,10.97
7009,20220311,14.45
7010,20220312,16.68
7011,20220313,15.47
7012,20220314,12.61
7013,20220315,9.98
7014,20220316,12.95
7015,20220317,11.69
7016,20220318,8.67
7017,20220319,5.58
7018,20220320,5.26
7019,20220321,7.11
7020,20220322,8.31
7021,20220323,7.36
7022,20220324,9.5
7023,20220325,13.97
7024,20220326,11.24
7025,20220327,9.1
7026,20220328,8.94
7027,20220329,11.59
7028,20220330,14.62
7029,20220331,11.21
7030,20220401,9.96
7031,20220402,8.52
7032,20220403,9.45
7033,20220404,11.07
7034,20220405,10.84
7035,20220406,12.63
7036,20220407,12.07
7037,20220408,14.61
7038,20220409,17.7
7039,20220410,18.25
7040,20220411,20.3
7041,20220412,21.06
7042,20220413,18.25
7043,20220414,15.37
7044,20220415,14.71
7045,20220416,13.3
7046,20220417,13.76
7047,20220418,16.19
7048,20220419,16.36
7049,20220420,16.11
7050,20220421,15.36
7051,20220422,17.4
7052,20220423,19.16
7053,20220424,20.65
7054,20220425,19.86
7055,20220426,17.91
7056,20220427,17.25
7057,20220428,16.49
7058,20220429,14.42
7059,20220430,13.69
7060,20220501,13.54
7061,20220502,14.05
7062,20220503,14.35
7063,20220504,16.85
7064,20220505,18.86
7065,20220506,20.69
7066,20220507,18.65
7067,20220508,17.26
7068,20220509,17.33
7069,20220510,18.14
7070,20220511,20.44
7071,20220512,21.13
7072,20220513,18.22
7073,20220514,16.5
7074,20220515,16.09
7075,20220516,17.21
7076,20220517,19.68
7077,20220518,21.53
7078,20220519,20.61
7079,20220520,20.54
7080,20220521,20.69
7081,20220522,21.56
7082,20220523,22.52
7083,20220524,22.86
7084,20220525,22.27
7085,20220526,20.61
7086,20220527,20.75
7087,20220528,22.3
7088,20220529,22.13
7089,20220530,19.89
7090,20220531,21.92
7091,20220601,23.74
7092,20220602,22.49
7093,20220603,24.77
7094,20220604,24.53
7095,20220605,18.78
7096,20220606,20.05
7097,20220607,19.5
7098,20220608,19.21
7099,20220609,21.39
7100,20220610,22.31
7101,20220611,23.49
7102,20220612,22.72
7103,20220613,22.02
7104,20220614,19.06
7105,20220615,21.35
7106,20220616,23.02
7107,20220617,23.44
7108,20220618,24.98
7109,20220619,25.42
7110,20220620,26.6
7111,20220621,26.93
7112,20220622,26.97
7113,20220623,25.63
7114,20220624,24.56
7115,20220625,26.45
7116,20220626,27.24
7117,20220627,27.24
7118,20220628,27.69
7119,20220629,26.55
7120,20220630,27.07
7121,20220701,28.18
7122,20220702,28.59
7123,20220703,28.95
7124,20220704,27.42
7125,20220705,27.65
7126,20220706,28.92
7127,20220707,28.81
7128,20220708,26.79
7129,20220709,26.79
7130,20220710,28.21
7131,20220711,26.98
7132,20220712,27.7
7133,20220713,25.97
7134,20220714,27.45
7135,20220715,26.93
7136,20220716,26.49
7137,20220717,26.2
7138,20220718,23.73
7139,20220719,26.24
7140,20220720,27.08
7141,20220721,24.58
7142,20220722,25.18
7143,20220723,24.92
7144,20220724,23.92
7145,20220725,26.53
7146,20220726,27.24
7147,20220727,27.15
7148,20220728,28.39
7149,20220729,30.15
7150,20220730,28.48
7151,20220731,26.77
7152,20220801,27.66
7153,20220802,27.95
7154,20220803,27.79
7155,20220804,29.03
7156,20220805,28.99
7157,20220806,29.78
7158,20220807,29.9
7159,20220808,29.0
7160,20220809,28.79
7161,20220810,28.28
7162,20220811,26.36
7163,20220812,28.06
7164,20220813,27.75
7165,20220814,29.3
7166,20220815,29.34
7167,20220816,26.49
7168,20220817,26.12
7169,20220818,26.02
7170,20220819,27.14
7171,20220820,26.84
7172,20220821,27.2
7173,20220822,27.86
7174,20220823,26.56
7175,20220824,25.62
7176,20220825,24.89
7177,20220826,24.43
7178,20220827,23.01
7179,20220828,22.65
7180,20220829,21.86
7181,20220830,24.7
7182,20220831,23.33
7183,20220901,22.63
7184,20220902,23.04
7185,20220903,24.75
7186,20220904,26.38
7187,20220905,24.24
7188,20220906,21.83
7189,20220907,22.17
7190,20220908,22.83
7191,20220909,23.89
7192,20220910,22.87
7193,20220911,23.87
7194,20220912,23.1
7195,20220913,24.21
7196,20220914,25.29
7197,20220915,26.2
7198,20220916,26.82
7199,20220917,27.9
7200,20220918,28.58
7201,20220919,25.98
7202,20220920,20.88
7203,20220921,20.25
7204,20220922,19.98
7205,20220923,19.84
7206,20220924,18.8
7207,20220925,20.05
7208,20220926,19.9
7209,20220927,21.68
7210,20220928,21.09
7211,20220929,21.16
7212,20220930,21.62
7213,20221001,22.69
7214,20221002,23.41
7215,20221003,25.84
7216,20221004,20.32
7217,20221005,16.93
7218,20221006,16.92
7219,20221007,16.55
7220,20221008,16.55
7221,20221009,14.8
7222,20221010,12.95
7223,20221011,14.06
7224,20221012,14.63
7225,20221013,16.89
7226,20221014,17.48
7227,20221015,18.35
7228,20221016,18.11
7229,20221017,14.78
7230,20221018,11.21
7231,20221019,11.08
7232,20221020,13.38
7233,20221021,14.62
7234,20221022,17.3
7235,20221023,15.0
7236,20221024,11.81
7237,20221025,11.46
7238,20221026,13.34
7239,20221027,15.18
7240,20221028,14.59
7241,20221029,14.98
7242,20221030,15.64
7243,20221031,15.66
7244,20221101,14.66
7245,20221102,13.4
7246,20221103,11.93
7247,20221104,9.27
7248,20221105,8.96
7249,20221106,9.5
7250,20221107,11.22
7251,20221108,12.06
7252,20221109,12.27
7253,20221110,14.67
7254,20221111,16.77
7255,20221112,18.12
7256,20221113,12.52
7257,20221114,10.82
7258,20221115,9.59
7259,20221116,10.75
7260,20221117,11.38
7261,20221118,11.63
7262,20221119,13.26
7263,20221120,13.81
7264,20221121,12.38
7265,20221122,12.52
7266,20221123,12.24
7267,20221124,10.9
7268,20221125,11.33
7269,20221126,11.51
7270,20221127,9.42
7271,20221128,14.94
7272,20221129,12.51
7273,20221130,0.95
7274,20221201,0.03
7275,20221202,2.12
7276,20221203,5.08
7277,20221204,3.03
7278,20221205,0.59
7279,20221206,2.93
7280,20221207,5.43
7281,20221208,6.3
7282,20221209,7.28
7283,20221210,5.24
7284,20221211,5.38
7285,20221212,3.63
7286,20221213,5.55
7287,20221214,-1.86
7288,20221215,0.53
7289,20221216,0.73
7290,20221217,-1.92
7291,20221218,-4.97
7292,20221219,-3.09
7293,20221220,0.29
7294,20221221,2.68
7295,20221222,-1.09
7296,20221223,-4.09
7297,20221224,-4.84
7298,20221225,-3.01
7299,20221226,-0.76
7300,20221227,0.38
7301,20221228,-0.17
7302,20221229,0.69
7303,20221230,0.92
7304,20221231,1.66
7305,20230101,1.29
7306,20230102,-0.05
7307,20230103,0.12
7308,20230104,0.27
7309,20230105,2.85
7310,20230106,3.38
7311,20230107,4.94
7312,20230108,3.14
7313,20230109,4.01
7314,20230110,3.61
7315,20230111,5.46
7316,20230112,8.64
7317,20230113,14.64
7318,20230114,8.49
7319,20230115,2.35
7320,20230116,-0.76
7321,20230117,-0.77
7322,20230118,0.85
7323,20230119,2.2
7324,20230120,1.38
7325,20230121,-1.14
7326,20230122,2.36
7327,20230123,3.44
7328,20230124,-7.02
7329,20230125,-8.1
7330,20230126,-3.16
7331,20230127,-2.52
7332,20230128,-2.95
7333,20230129,1.1
7334,20230130,2.06
7335,20230131,3.4
7336,20230201,4.33
7337,20230202,0.69
7338,20230203,0.98
7339,20230204,1.6
7340,20230205,2.56
7341,20230206,4.81
7342,20230207,5.99
7343,20230208,4.54
7344,20230209,5.83
7345,20230210,4.89
7346,20230211,4.13
7347,20230212,4.92
7348,20230213,7.51
7349,20230214,3.6
7350,20230215,2.65
7351,20230216,4.56
7352,20230217,4.7
7353,20230218,8.21
7354,20230219,5.21
7355,20230220,1.67
7356,20230221,0.35
7357,20230222,3.56
7358,20230223,5.02
7359,20230224,6.18
7360,20230225,2.02
7361,20230226,2.88
7362,20230227,5.47
7363,20230228,7.72
7364,20230301,8.67
7365,20230302,3.85
7366,20230303,4.73
7367,20230304,8.27
7368,20230305,9.2
7369,20230306,9.74
7370,20230307,12.81
7371,20230308,14.09
7372,20230309,16.06
7373,20230310,14.95
7374,20230311,16.54
7375,20230312,9.5
7376,20230313,5.09
7377,20230314,9.39
7378,20230315,14.0
7379,20230316,8.76
7380,20230317,9.03
7381,20230318,10.56
7382,20230319,9.66
7383,20230320,10.96
7384,20230321,15.92
7385,20230322,16.05
7386,20230323,15.05
7387,20230324,10.37
7388,20230325,10.63
7389,20230326,10.43
7390,20230327,8.14
7391,20230328,9.82
7392,20230329,12.79
7393,20230330,14.55
7394,20230331,16.2
7395,20230401,16.91
7396,20230402,17.35
7397,20230403,17.87
7398,20230404,15.75
7399,20230405,14.14
7400,20230406,9.65
7401,20230407,9.09
7402,20230408,8.9
7403,20230409,10.88
7404,20230410,13.24
7405,20230411,15.88
7406,20230412,13.37
7407,20230413,14.67
7408,20230414,14.25
7409,20230415,14.55
7410,20230416,12.1
7411,20230417,14.17
7412,20230418,18.05
7413,20230419,19.88
7414,20230420,20.88
7415,20230421,18.25
7416,20230422,17.47
7417,20230423,15.98
7418,20230424,15.19
7419,20230425,11.17
7420,20230426,10.22
7421,20230427,13.31
7422,20230428,16.33
7423,20230429,15.59
7424,20230430,14.12
7425,20230501,16.37
7426,20230502,18.03
7427,20230503,17.78
7428,20230504,18.02
7429,20230505,19.8
7430,20230506,17.59
7431,20230507,12.78
7432,20230508,15.02
7433,20230509,16.85
7434,20230510,18.75
7435,20230511,19.54
7436,20230512,18.7
7437,20230513,18.95
7438,20230514,19.13
7439,20230515,20.72
7440,20230516,23.45
7441,20230517,23.09
7442,20230518,18.47
7443,20230519,20.25
7444,20230520,20.64
7445,20230521,18.77
7446,20230522,17.06
7447,20230523,18.89
7448,20230524,19.78
7449,20230525,21.13
7450,20230526,21.17
7451,20230527,22.77
7452,20230528,22.53
7453,20230529,21.38
7454,20230530,21.55
7455,20230531,22.84
7456,20230601,19.18
7457,20230602,22.37
7458,20230603,21.89
7459,20230604,22.3
7460,20230605,21.41
7461,20230606,21.66
7462,20230607,21.68
7463,20230608,22.36
7464,20230609,23.98
7465,20230610,24.07
7466,20230611,24.62
7467,20230612,23.99
7468,20230613,23.52
7469,20230614,22.92
7470,20230615,22.73
7471,20230616,24.19
7472,20230617,24.79
7473,20230618,25.7
7474,20230619,26.5
7475,20230620,24.53
7476,20230621,22.07
7477,20230622,22.82
7478,20230623,24.57
7479,20230624,25.68
7480,20230625,22.79
7481,20230626,23.78
7482,20230627,25.34
7483,20230628,22.44
7484,20230629,24.7
7485,20230630,24.06
7486,20230701,25.23
7487,20230702,26.73
7488,20230703,27.1
7489,20230704,24.62
7490,20230705,25.67
7491,20230706,26.4
7492,20230707,23.7
7493,20230708,26.39
7494,20230709,27.15
7495,20230710,27.5
7496,20230711,25.15
7497,20230712,25.67
7498,20230713,26.01
7499,20230714,25.45
7500,20230715,25.07
7501,20230716,24.03
7502,20230717,25.05
7503,20230718,24.55
7504,20230719,26.31
7505,20230720,26.66
7506,20230721,27.21
7507,20230722,24.45
7508,20230723,26.05
7509,20230724,25.13
7510,20230725,26.97
7511,20230726,27.51
7512,20230727,28.26
7513,20230728,27.99
7514,20230729,29.34
7515,20230730,28.66
7516,20230731,28.51
7517,20230801,29.82
7518,20230802,29.47
7519,20230803,29.5
7520,20230804,29.55
7521,20230805,30.23
7522,20230806,30.04
7523,20230807,28.93
7524,20230808,28.94
7525,20230809,26.37
7526,20230810,23.47
7527,20230811,26.66
7528,20230812,26.65
7529,20230813,27.63
7530,20230814,28.47
7531,20230815,28.04
7532,20230816,27.85
7533,20230817,27.36
7534,20230818,27.47
7535,20230819,28.07
7536,20230820,28.78
7537,20230821,28.78
7538,20230822,28.64
7539,20230823,25.69
7540,20230824,25.18
7541,20230825,26.2
7542,20230826,25.97
7543,20230827,26.99
7544,20230828,26.75
7545,20230829,25.59
7546,20230830,22.15
7547,20230831,23.53
7548,20230901,24.5
7549,20230902,24.14
7550,20230903,26.81
7551,20230904,26.8
7552,20230905,26.86
7553,20230906,26.82
7554,20230907,25.88
7555,20230908,24.56
7556,20230909,24.96
7557,20230910,25.33
7558,20230911,25.48
7559,20230912,25.07
7560,20230913,22.95
7561,20230914,22.04
7562,20230915,23.67
7563,20230916,24.04
7564,20230917,24.73
7565,20230918,25.37
7566,20230919,24.28
7567,20230920,23.42
7568,20230921,21.58
7569,20230922,20.85
7570,20230923,20.48
7571,20230924,21.34
